date,platform,campaign_id,sku,spend,impressions,clicks
2024-06-01,meta,meta_SKU-A_001,SKU-A,412.5,3639,613
2024-06-01,meta,meta_SKU-B_001,SKU-B,207.34,11144,259
2024-06-01,meta,meta_SKU-C_001,SKU-C,431.88,37741,228
2024-06-01,meta,meta_SKU-D_001,SKU-D,387.06,4082,111
2024-06-01,google,google_SKU-A_001,SKU-A,128.72,17247,1084
2024-06-01,google,google_SKU-B_001,SKU-B,393.05,38781,457
2024-06-01,google,google_SKU-C_001,SKU-C,452.33,47962,1166
2024-06-01,google,google_SKU-D_001,SKU-D,298.15,31439,1256
2024-06-01,tiktok,tiktok_SKU-A_001,SKU-A,224.66,2425,376
2024-06-01,tiktok,tiktok_SKU-B_001,SKU-B,443.03,24298,619
2024-06-01,tiktok,tiktok_SKU-C_001,SKU-C,160.85,24059,259
2024-06-01,tiktok,tiktok_SKU-D_001,SKU-D,128.23,8338,785
2024-06-01,amazon,amazon_SKU-A_001,SKU-A,520.7,41565,591
2024-06-01,amazon,amazon_SKU-B_001,SKU-B,499.71,49823,990
2024-06-01,amazon,amazon_SKU-C_001,SKU-C,358.84,26807,211
2024-06-01,amazon,amazon_SKU-D_001,SKU-D,367.06,43198,1316
2024-06-02,meta,meta_SKU-A_001,SKU-A,540.43,25700,1232
2024-06-02,meta,meta_SKU-B_001,SKU-B,179.99,6558,143
2024-06-02,meta,meta_SKU-C_001,SKU-C,423.86,20965,213
2024-06-02,meta,meta_SKU-D_001,SKU-D,524.77,8619,828
2024-06-02,google,google_SKU-A_001,SKU-A,224.55,43660,797
2024-06-02,google,google_SKU-B_001,SKU-B,164.58,25283,479
2024-06-02,google,google_SKU-C_001,SKU-C,428.49,47994,1449
2024-06-02,google,google_SKU-D_001,SKU-D,416.98,41920,1350
2024-06-02,tiktok,tiktok_SKU-A_001,SKU-A,168.99,49784,551
2024-06-02,tiktok,tiktok_SKU-B_001,SKU-B,164.97,26867,602
2024-06-02,tiktok,tiktok_SKU-C_001,SKU-C,594.55,43943,1459
2024-06-02,tiktok,tiktok_SKU-D_001,SKU-D,369.61,46866,714
2024-06-02,amazon,amazon_SKU-A_001,SKU-A,518.28,5665,519
2024-06-02,amazon,amazon_SKU-B_001,SKU-B,507.34,22673,871
2024-06-02,amazon,amazon_SKU-C_001,SKU-C,219.23,15826,1211
2024-06-02,amazon,amazon_SKU-D_001,SKU-D,535.71,22622,485
2024-06-03,meta,meta_SKU-A_001,SKU-A,420.83,27928,1366
2024-06-03,meta,meta_SKU-B_001,SKU-B,318.6,19359,335
2024-06-03,meta,meta_SKU-C_001,SKU-C,208.25,38789,1153
2024-06-03,meta,meta_SKU-D_001,SKU-D,216.63,40311,927
2024-06-03,google,google_SKU-A_001,SKU-A,546.87,28175,791
2024-06-03,google,google_SKU-B_001,SKU-B,194.05,11065,1093
2024-06-03,google,google_SKU-C_001,SKU-C,336.63,5087,274
2024-06-03,google,google_SKU-D_001,SKU-D,159.48,12484,1443
2024-06-03,tiktok,tiktok_SKU-A_001,SKU-A,299.52,6163,838
2024-06-03,tiktok,tiktok_SKU-B_001,SKU-B,278.44,32674,1133
2024-06-03,tiktok,tiktok_SKU-C_001,SKU-C,210.74,38256,73
2024-06-03,tiktok,tiktok_SKU-D_001,SKU-D,433.75,9507,1446
2024-06-03,amazon,amazon_SKU-A_001,SKU-A,540.09,19486,1362
2024-06-03,amazon,amazon_SKU-B_001,SKU-B,256.89,21234,940
2024-06-03,amazon,amazon_SKU-C_001,SKU-C,162.24,2212,589
2024-06-03,amazon,amazon_SKU-D_001,SKU-D,585.38,13708,1089
2024-06-04,meta,meta_SKU-A_001,SKU-A,554.57,42979,661
2024-06-04,meta,meta_SKU-B_001,SKU-B,517.67,35270,1297
2024-06-04,meta,meta_SKU-C_001,SKU-C,183.43,26504,380
2024-06-04,meta,meta_SKU-D_001,SKU-D,360.48,36757,51
2024-06-04,google,google_SKU-A_001,SKU-A,391.45,34021,89
2024-06-04,google,google_SKU-B_001,SKU-B,138.17,25788,679
2024-06-04,google,google_SKU-C_001,SKU-C,204.52,17785,1211
2024-06-04,google,google_SKU-D_001,SKU-D,572.41,7613,1045
2024-06-04,tiktok,tiktok_SKU-A_001,SKU-A,504.33,36911,307
2024-06-04,tiktok,tiktok_SKU-B_001,SKU-B,146.76,33148,1175
2024-06-04,tiktok,tiktok_SKU-C_001,SKU-C,165.87,36581,1292
2024-06-04,tiktok,tiktok_SKU-D_001,SKU-D,300.03,15880,1154
2024-06-04,amazon,amazon_SKU-A_001,SKU-A,472.74,47211,461
2024-06-04,amazon,amazon_SKU-B_001,SKU-B,450.73,28148,1425
2024-06-04,amazon,amazon_SKU-C_001,SKU-C,417.94,30711,1109
2024-06-04,amazon,amazon_SKU-D_001,SKU-D,314.77,18246,510
2024-06-05,meta,meta_SKU-A_001,SKU-A,113.29,3378,1254
2024-06-05,meta,meta_SKU-B_001,SKU-B,368.04,40564,501
2024-06-05,meta,meta_SKU-C_001,SKU-C,83.74,48389,1342
2024-06-05,meta,meta_SKU-D_001,SKU-D,110.61,6417,114
2024-06-05,google,google_SKU-A_001,SKU-A,527.01,6643,1102
2024-06-05,google,google_SKU-B_001,SKU-B,203.76,45842,1044
2024-06-05,google,google_SKU-C_001,SKU-C,191.4,10671,1219
2024-06-05,google,google_SKU-D_001,SKU-D,379.63,17925,1018
2024-06-05,tiktok,tiktok_SKU-A_001,SKU-A,499.9,14478,243
2024-06-05,tiktok,tiktok_SKU-B_001,SKU-B,130.4,30249,775
2024-06-05,tiktok,tiktok_SKU-C_001,SKU-C,300.26,32606,160
2024-06-05,tiktok,tiktok_SKU-D_001,SKU-D,430.15,44348,251
2024-06-05,amazon,amazon_SKU-A_001,SKU-A,111.52,49724,744
2024-06-05,amazon,amazon_SKU-B_001,SKU-B,496.31,9161,559
2024-06-05,amazon,amazon_SKU-C_001,SKU-C,179.63,37146,968
2024-06-05,amazon,amazon_SKU-D_001,SKU-D,152.89,14025,620
2024-06-06,meta,meta_SKU-A_001,SKU-A,320.57,6940,957
2024-06-06,meta,meta_SKU-B_001,SKU-B,500.17,38066,250
2024-06-06,meta,meta_SKU-C_001,SKU-C,106.31,37427,80
2024-06-06,meta,meta_SKU-D_001,SKU-D,583.88,17491,390
2024-06-06,google,google_SKU-A_001,SKU-A,291.34,33546,487
2024-06-06,google,google_SKU-B_001,SKU-B,529.62,5842,387
2024-06-06,google,google_SKU-C_001,SKU-C,277.07,27586,593
2024-06-06,google,google_SKU-D_001,SKU-D,561.79,31819,634
2024-06-06,tiktok,tiktok_SKU-A_001,SKU-A,299.96,49874,1188
2024-06-06,tiktok,tiktok_SKU-B_001,SKU-B,424.17,33894,367
2024-06-06,tiktok,tiktok_SKU-C_001,SKU-C,178.75,16267,169
2024-06-06,tiktok,tiktok_SKU-D_001,SKU-D,381.17,37533,174
2024-06-06,amazon,amazon_SKU-A_001,SKU-A,468.95,5746,152
2024-06-06,amazon,amazon_SKU-B_001,SKU-B,383.77,34954,1137
2024-06-06,amazon,amazon_SKU-C_001,SKU-C,161.87,35281,214
2024-06-06,amazon,amazon_SKU-D_001,SKU-D,522.7,6490,1268
2024-06-07,meta,meta_SKU-A_001,SKU-A,115.34,17414,876
2024-06-07,meta,meta_SKU-B_001,SKU-B,142.34,39334,554
2024-06-07,meta,meta_SKU-C_001,SKU-C,381.04,4604,1318
2024-06-07,meta,meta_SKU-D_001,SKU-D,122.63,45081,1245
2024-06-07,google,google_SKU-A_001,SKU-A,373.92,22733,584
2024-06-07,google,google_SKU-B_001,SKU-B,186.21,48936,693
2024-06-07,google,google_SKU-C_001,SKU-C,204.12,27938,318
2024-06-07,google,google_SKU-D_001,SKU-D,429.28,21660,986
2024-06-07,tiktok,tiktok_SKU-A_001,SKU-A,244.41,6754,69
2024-06-07,tiktok,tiktok_SKU-B_001,SKU-B,318.31,38896,254
2024-06-07,tiktok,tiktok_SKU-C_001,SKU-C,118.1,15969,1086
2024-06-07,tiktok,tiktok_SKU-D_001,SKU-D,217.9,24872,190
2024-06-07,amazon,amazon_SKU-A_001,SKU-A,537.22,26217,633
2024-06-07,amazon,amazon_SKU-B_001,SKU-B,162.03,37600,1490
2024-06-07,amazon,amazon_SKU-C_001,SKU-C,237.31,44858,1133
2024-06-07,amazon,amazon_SKU-D_001,SKU-D,84.07,38346,663
2024-06-08,meta,meta_SKU-A_001,SKU-A,564.51,8788,325
2024-06-08,meta,meta_SKU-B_001,SKU-B,217.52,9014,1183
2024-06-08,meta,meta_SKU-C_001,SKU-C,160.83,20465,1288
2024-06-08,meta,meta_SKU-D_001,SKU-D,189.53,24471,466
2024-06-08,google,google_SKU-A_001,SKU-A,437.5,19300,1085
2024-06-08,google,google_SKU-B_001,SKU-B,334.04,5329,239
2024-06-08,google,google_SKU-C_001,SKU-C,409.83,20132,140
2024-06-08,google,google_SKU-D_001,SKU-D,81.84,10573,1354
2024-06-08,tiktok,tiktok_SKU-A_001,SKU-A,589.49,12589,954
2024-06-08,tiktok,tiktok_SKU-B_001,SKU-B,366.87,30028,1198
2024-06-08,tiktok,tiktok_SKU-C_001,SKU-C,85.03,6931,1465
2024-06-08,tiktok,tiktok_SKU-D_001,SKU-D,550.04,37755,123
2024-06-08,amazon,amazon_SKU-A_001,SKU-A,513.99,40175,1181
2024-06-08,amazon,amazon_SKU-B_001,SKU-B,157.01,10352,135
2024-06-08,amazon,amazon_SKU-C_001,SKU-C,240.29,4614,782
2024-06-08,amazon,amazon_SKU-D_001,SKU-D,189.24,18353,1415
2024-06-09,meta,meta_SKU-A_001,SKU-A,133.45,38692,882
2024-06-09,meta,meta_SKU-B_001,SKU-B,586.4,12128,534
2024-06-09,meta,meta_SKU-C_001,SKU-C,529.59,13603,894
2024-06-09,meta,meta_SKU-D_001,SKU-D,92.89,23770,893
2024-06-09,google,google_SKU-A_001,SKU-A,497.16,18263,596
2024-06-09,google,google_SKU-B_001,SKU-B,162.78,47958,271
2024-06-09,google,google_SKU-C_001,SKU-C,278.92,4537,1013
2024-06-09,google,google_SKU-D_001,SKU-D,195.67,32166,766
2024-06-09,tiktok,tiktok_SKU-A_001,SKU-A,238.7,16915,506
2024-06-09,tiktok,tiktok_SKU-B_001,SKU-B,92.31,14656,866
2024-06-09,tiktok,tiktok_SKU-C_001,SKU-C,250.7,6549,621
2024-06-09,tiktok,tiktok_SKU-D_001,SKU-D,262.6,35384,868
2024-06-09,amazon,amazon_SKU-A_001,SKU-A,433.35,37141,728
2024-06-09,amazon,amazon_SKU-B_001,SKU-B,568.4,9559,584
2024-06-09,amazon,amazon_SKU-C_001,SKU-C,172.86,19397,128
2024-06-09,amazon,amazon_SKU-D_001,SKU-D,136.37,30479,757
2024-06-10,meta,meta_SKU-A_001,SKU-A,458.84,22557,943
2024-06-10,meta,meta_SKU-B_001,SKU-B,395.23,35516,286
2024-06-10,meta,meta_SKU-C_001,SKU-C,280.3,39787,439
2024-06-10,meta,meta_SKU-D_001,SKU-D,212.46,48450,943
2024-06-10,google,google_SKU-A_001,SKU-A,80.88,37287,1456
2024-06-10,google,google_SKU-B_001,SKU-B,454.1,45950,453
2024-06-10,google,google_SKU-C_001,SKU-C,269.4,6585,1410
2024-06-10,google,google_SKU-D_001,SKU-D,558.8,42839,692
2024-06-10,tiktok,tiktok_SKU-A_001,SKU-A,424.96,10167,665
2024-06-10,tiktok,tiktok_SKU-B_001,SKU-B,343.7,45705,886
2024-06-10,tiktok,tiktok_SKU-C_001,SKU-C,249.62,47692,655
2024-06-10,tiktok,tiktok_SKU-D_001,SKU-D,368.29,14572,911
2024-06-10,amazon,amazon_SKU-A_001,SKU-A,425.76,26847,1437
2024-06-10,amazon,amazon_SKU-B_001,SKU-B,469.03,13405,1310
2024-06-10,amazon,amazon_SKU-C_001,SKU-C,375.93,28612,1172
2024-06-10,amazon,amazon_SKU-D_001,SKU-D,513.54,21914,637
2024-06-11,meta,meta_SKU-A_001,SKU-A,189.29,40009,1292
2024-06-11,meta,meta_SKU-B_001,SKU-B,420.45,32473,954
2024-06-11,meta,meta_SKU-C_001,SKU-C,309.92,16005,1096
2024-06-11,meta,meta_SKU-D_001,SKU-D,326.06,13120,1399
2024-06-11,google,google_SKU-A_001,SKU-A,124.09,35780,1409
2024-06-11,google,google_SKU-B_001,SKU-B,409.13,23966,241
2024-06-11,google,google_SKU-C_001,SKU-C,505.58,17392,1427
2024-06-11,google,google_SKU-D_001,SKU-D,241.42,15050,351
2024-06-11,tiktok,tiktok_SKU-A_001,SKU-A,92.7,18046,1023
2024-06-11,tiktok,tiktok_SKU-B_001,SKU-B,397.86,6772,982
2024-06-11,tiktok,tiktok_SKU-C_001,SKU-C,295.51,43272,1228
2024-06-11,tiktok,tiktok_SKU-D_001,SKU-D,181.11,47636,836
2024-06-11,amazon,amazon_SKU-A_001,SKU-A,337.08,17989,352
2024-06-11,amazon,amazon_SKU-B_001,SKU-B,421.15,2363,268
2024-06-11,amazon,amazon_SKU-C_001,SKU-C,484.78,16341,410
2024-06-11,amazon,amazon_SKU-D_001,SKU-D,498.14,47607,1110
2024-06-12,meta,meta_SKU-A_001,SKU-A,321.57,38530,560
2024-06-12,meta,meta_SKU-B_001,SKU-B,557.08,9953,984
2024-06-12,meta,meta_SKU-C_001,SKU-C,149.34,32450,1417
2024-06-12,meta,meta_SKU-D_001,SKU-D,356.19,38629,1269
2024-06-12,google,google_SKU-A_001,SKU-A,244.99,31004,1304
2024-06-12,google,google_SKU-B_001,SKU-B,503.8,35081,923
2024-06-12,google,google_SKU-C_001,SKU-C,511.9,37905,963
2024-06-12,google,google_SKU-D_001,SKU-D,546.55,33108,971
2024-06-12,tiktok,tiktok_SKU-A_001,SKU-A,214.78,18203,1355
2024-06-12,tiktok,tiktok_SKU-B_001,SKU-B,224.2,36163,1042
2024-06-12,tiktok,tiktok_SKU-C_001,SKU-C,405.91,19996,950
2024-06-12,tiktok,tiktok_SKU-D_001,SKU-D,120.29,20725,530
2024-06-12,amazon,amazon_SKU-A_001,SKU-A,221.29,22952,1156
2024-06-12,amazon,amazon_SKU-B_001,SKU-B,121.9,11884,523
2024-06-12,amazon,amazon_SKU-C_001,SKU-C,279.18,12014,1496
2024-06-12,amazon,amazon_SKU-D_001,SKU-D,191.26,29188,884
2024-06-13,meta,meta_SKU-A_001,SKU-A,252.06,32534,901
2024-06-13,meta,meta_SKU-B_001,SKU-B,112.38,29534,847
2024-06-13,meta,meta_SKU-C_001,SKU-C,550.52,40278,1474
2024-06-13,meta,meta_SKU-D_001,SKU-D,90.16,39728,829
2024-06-13,google,google_SKU-A_001,SKU-A,328.03,25052,661
2024-06-13,google,google_SKU-B_001,SKU-B,471.81,29460,1152
2024-06-13,google,google_SKU-C_001,SKU-C,468.71,37791,1285
2024-06-13,google,google_SKU-D_001,SKU-D,546.86,33996,499
2024-06-13,tiktok,tiktok_SKU-A_001,SKU-A,221.93,33827,109
2024-06-13,tiktok,tiktok_SKU-B_001,SKU-B,282.21,45835,1440
2024-06-13,tiktok,tiktok_SKU-C_001,SKU-C,495.03,49459,388
2024-06-13,tiktok,tiktok_SKU-D_001,SKU-D,517.06,10364,1324
2024-06-13,amazon,amazon_SKU-A_001,SKU-A,357.74,27822,1262
2024-06-13,amazon,amazon_SKU-B_001,SKU-B,373.48,3776,221
2024-06-13,amazon,amazon_SKU-C_001,SKU-C,414.23,10893,995
2024-06-13,amazon,amazon_SKU-D_001,SKU-D,174.5,19049,826
2024-06-14,meta,meta_SKU-A_001,SKU-A,250.22,31799,719
2024-06-14,meta,meta_SKU-B_001,SKU-B,255.5,26846,619
2024-06-14,meta,meta_SKU-C_001,SKU-C,471.05,29627,566
2024-06-14,meta,meta_SKU-D_001,SKU-D,514.15,32822,89
2024-06-14,google,google_SKU-A_001,SKU-A,469.49,5413,766
2024-06-14,google,google_SKU-B_001,SKU-B,196.6,6496,1384
2024-06-14,google,google_SKU-C_001,SKU-C,100.93,4033,556
2024-06-14,google,google_SKU-D_001,SKU-D,183.67,3335,1322
2024-06-14,tiktok,tiktok_SKU-A_001,SKU-A,159.24,10272,1019
2024-06-14,tiktok,tiktok_SKU-B_001,SKU-B,428.12,38960,496
2024-06-14,tiktok,tiktok_SKU-C_001,SKU-C,321.82,18793,805
2024-06-14,tiktok,tiktok_SKU-D_001,SKU-D,167.25,41796,284
2024-06-14,amazon,amazon_SKU-A_001,SKU-A,484.45,12732,687
2024-06-14,amazon,amazon_SKU-B_001,SKU-B,136.21,3682,688
2024-06-14,amazon,amazon_SKU-C_001,SKU-C,379.41,26596,862
2024-06-14,amazon,amazon_SKU-D_001,SKU-D,569.56,14997,205
2024-06-15,meta,meta_SKU-A_001,SKU-A,387.89,43106,547
2024-06-15,meta,meta_SKU-B_001,SKU-B,132.99,21764,1451
2024-06-15,meta,meta_SKU-C_001,SKU-C,392.21,9933,1209
2024-06-15,meta,meta_SKU-D_001,SKU-D,486.97,24754,1141
2024-06-15,google,google_SKU-A_001,SKU-A,302.76,26285,191
2024-06-15,google,google_SKU-B_001,SKU-B,343.1,24362,75
2024-06-15,google,google_SKU-C_001,SKU-C,521.78,34125,266
2024-06-15,google,google_SKU-D_001,SKU-D,305.43,25736,1351
2024-06-15,tiktok,tiktok_SKU-A_001,SKU-A,543.62,32129,1498
2024-06-15,tiktok,tiktok_SKU-B_001,SKU-B,159.56,13543,1118
2024-06-15,tiktok,tiktok_SKU-C_001,SKU-C,582.05,19700,1311
2024-06-15,tiktok,tiktok_SKU-D_001,SKU-D,500.26,37269,1040
2024-06-15,amazon,amazon_SKU-A_001,SKU-A,321.73,49908,1263
2024-06-15,amazon,amazon_SKU-B_001,SKU-B,219.57,18088,227
2024-06-15,amazon,amazon_SKU-C_001,SKU-C,225.04,31543,549
2024-06-15,amazon,amazon_SKU-D_001,SKU-D,470.25,39345,1299
2024-06-16,meta,meta_SKU-A_001,SKU-A,427.46,24046,108
2024-06-16,meta,meta_SKU-B_001,SKU-B,337.04,23300,422
2024-06-16,meta,meta_SKU-C_001,SKU-C,333.53,25253,579
2024-06-16,meta,meta_SKU-D_001,SKU-D,256.98,41069,1486
2024-06-16,google,google_SKU-A_001,SKU-A,537.66,38424,70
2024-06-16,google,google_SKU-B_001,SKU-B,348.65,14521,225
2024-06-16,google,google_SKU-C_001,SKU-C,205.51,28635,1050
2024-06-16,google,google_SKU-D_001,SKU-D,368.69,17749,1464
2024-06-16,tiktok,tiktok_SKU-A_001,SKU-A,327.57,48651,1055
2024-06-16,tiktok,tiktok_SKU-B_001,SKU-B,313.05,3130,240
2024-06-16,tiktok,tiktok_SKU-C_001,SKU-C,233.0,28502,1466
2024-06-16,tiktok,tiktok_SKU-D_001,SKU-D,206.52,45513,1241
2024-06-16,amazon,amazon_SKU-A_001,SKU-A,271.89,38272,1137
2024-06-16,amazon,amazon_SKU-B_001,SKU-B,258.75,38070,727
2024-06-16,amazon,amazon_SKU-C_001,SKU-C,262.94,31736,604
2024-06-16,amazon,amazon_SKU-D_001,SKU-D,239.44,17108,297
2024-06-17,meta,meta_SKU-A_001,SKU-A,455.07,22679,294
2024-06-17,meta,meta_SKU-B_001,SKU-B,466.3,47230,429
2024-06-17,meta,meta_SKU-C_001,SKU-C,179.6,33732,616
2024-06-17,meta,meta_SKU-D_001,SKU-D,456.78,36382,1272
2024-06-17,google,google_SKU-A_001,SKU-A,227.16,8588,447
2024-06-17,google,google_SKU-B_001,SKU-B,234.05,25650,417
2024-06-17,google,google_SKU-C_001,SKU-C,237.18,48400,1143
2024-06-17,google,google_SKU-D_001,SKU-D,145.82,4982,161
2024-06-17,tiktok,tiktok_SKU-A_001,SKU-A,367.75,47705,308
2024-06-17,tiktok,tiktok_SKU-B_001,SKU-B,411.69,34170,260
2024-06-17,tiktok,tiktok_SKU-C_001,SKU-C,533.81,39621,632
2024-06-17,tiktok,tiktok_SKU-D_001,SKU-D,324.09,30866,747
2024-06-17,amazon,amazon_SKU-A_001,SKU-A,175.87,5367,567
2024-06-17,amazon,amazon_SKU-B_001,SKU-B,569.35,33308,283
2024-06-17,amazon,amazon_SKU-C_001,SKU-C,507.5,28260,1057
2024-06-17,amazon,amazon_SKU-D_001,SKU-D,118.52,43251,1455
2024-06-18,meta,meta_SKU-A_001,SKU-A,107.88,11777,1202
2024-06-18,meta,meta_SKU-B_001,SKU-B,573.55,7582,558
2024-06-18,meta,meta_SKU-C_001,SKU-C,141.59,29274,1291
2024-06-18,meta,meta_SKU-D_001,SKU-D,389.99,42528,512
2024-06-18,google,google_SKU-A_001,SKU-A,483.36,26928,972
2024-06-18,google,google_SKU-B_001,SKU-B,552.42,21487,1255
2024-06-18,google,google_SKU-C_001,SKU-C,594.82,22013,1214
2024-06-18,google,google_SKU-D_001,SKU-D,402.93,41952,253
2024-06-18,tiktok,tiktok_SKU-A_001,SKU-A,572.75,15617,1331
2024-06-18,tiktok,tiktok_SKU-B_001,SKU-B,189.73,45281,216
2024-06-18,tiktok,tiktok_SKU-C_001,SKU-C,161.67,13391,1180
2024-06-18,tiktok,tiktok_SKU-D_001,SKU-D,119.03,2175,886
2024-06-18,amazon,amazon_SKU-A_001,SKU-A,314.26,40916,1012
2024-06-18,amazon,amazon_SKU-B_001,SKU-B,231.45,17170,640
2024-06-18,amazon,amazon_SKU-C_001,SKU-C,447.62,48070,979
2024-06-18,amazon,amazon_SKU-D_001,SKU-D,117.01,17297,591
2024-06-19,meta,meta_SKU-A_001,SKU-A,489.67,42963,1257
2024-06-19,meta,meta_SKU-B_001,SKU-B,423.82,14964,920
2024-06-19,meta,meta_SKU-C_001,SKU-C,139.68,16733,1376
2024-06-19,meta,meta_SKU-D_001,SKU-D,157.47,19408,341
2024-06-19,google,google_SKU-A_001,SKU-A,117.13,12873,679
2024-06-19,google,google_SKU-B_001,SKU-B,389.42,39303,641
2024-06-19,google,google_SKU-C_001,SKU-C,308.36,32716,1460
2024-06-19,google,google_SKU-D_001,SKU-D,238.13,28378,607
2024-06-19,tiktok,tiktok_SKU-A_001,SKU-A,340.25,34361,946
2024-06-19,tiktok,tiktok_SKU-B_001,SKU-B,121.83,4612,934
2024-06-19,tiktok,tiktok_SKU-C_001,SKU-C,461.96,41564,562
2024-06-19,tiktok,tiktok_SKU-D_001,SKU-D,93.45,17002,1430
2024-06-19,amazon,amazon_SKU-A_001,SKU-A,514.7,39696,1252
2024-06-19,amazon,amazon_SKU-B_001,SKU-B,574.41,46058,601
2024-06-19,amazon,amazon_SKU-C_001,SKU-C,379.65,13481,1013
2024-06-19,amazon,amazon_SKU-D_001,SKU-D,349.86,30981,619
2024-06-20,meta,meta_SKU-A_001,SKU-A,174.37,40360,942
2024-06-20,meta,meta_SKU-B_001,SKU-B,410.09,34225,236
2024-06-20,meta,meta_SKU-C_001,SKU-C,324.41,28761,732
2024-06-20,meta,meta_SKU-D_001,SKU-D,246.95,8855,379
2024-06-20,google,google_SKU-A_001,SKU-A,251.5,47460,1064
2024-06-20,google,google_SKU-B_001,SKU-B,229.87,28244,1176
2024-06-20,google,google_SKU-C_001,SKU-C,99.08,7771,694
2024-06-20,google,google_SKU-D_001,SKU-D,211.25,9597,877
2024-06-20,tiktok,tiktok_SKU-A_001,SKU-A,529.75,2075,1396
2024-06-20,tiktok,tiktok_SKU-B_001,SKU-B,532.07,32276,896
2024-06-20,tiktok,tiktok_SKU-C_001,SKU-C,108.19,35976,790
2024-06-20,tiktok,tiktok_SKU-D_001,SKU-D,403.77,34669,1330
2024-06-20,amazon,amazon_SKU-A_001,SKU-A,309.86,5382,466
2024-06-20,amazon,amazon_SKU-B_001,SKU-B,218.87,10586,639
2024-06-20,amazon,amazon_SKU-C_001,SKU-C,307.82,47760,1042
2024-06-20,amazon,amazon_SKU-D_001,SKU-D,143.14,43289,1296
2024-06-21,meta,meta_SKU-A_001,SKU-A,495.64,48516,374
2024-06-21,meta,meta_SKU-B_001,SKU-B,241.59,2896,1181
2024-06-21,meta,meta_SKU-C_001,SKU-C,292.16,16725,282
2024-06-21,meta,meta_SKU-D_001,SKU-D,319.95,9698,1376
2024-06-21,google,google_SKU-A_001,SKU-A,512.71,34661,647
2024-06-21,google,google_SKU-B_001,SKU-B,344.61,19919,900
2024-06-21,google,google_SKU-C_001,SKU-C,514.06,32947,549
2024-06-21,google,google_SKU-D_001,SKU-D,317.53,11479,835
2024-06-21,tiktok,tiktok_SKU-A_001,SKU-A,179.12,41280,1090
2024-06-21,tiktok,tiktok_SKU-B_001,SKU-B,468.07,10946,192
2024-06-21,tiktok,tiktok_SKU-C_001,SKU-C,223.65,29193,746
2024-06-21,tiktok,tiktok_SKU-D_001,SKU-D,565.81,35275,597
2024-06-21,amazon,amazon_SKU-A_001,SKU-A,506.69,20536,661
2024-06-21,amazon,amazon_SKU-B_001,SKU-B,515.49,40005,1401
2024-06-21,amazon,amazon_SKU-C_001,SKU-C,334.61,11738,964
2024-06-21,amazon,amazon_SKU-D_001,SKU-D,360.06,24618,730
2024-06-22,meta,meta_SKU-A_001,SKU-A,367.0,37614,822
2024-06-22,meta,meta_SKU-B_001,SKU-B,316.78,23088,436
2024-06-22,meta,meta_SKU-C_001,SKU-C,590.0,17650,1221
2024-06-22,meta,meta_SKU-D_001,SKU-D,279.14,28920,139
2024-06-22,google,google_SKU-A_001,SKU-A,245.45,32996,1494
2024-06-22,google,google_SKU-B_001,SKU-B,554.98,26984,840
2024-06-22,google,google_SKU-C_001,SKU-C,593.98,44730,361
2024-06-22,google,google_SKU-D_001,SKU-D,337.57,4426,308
2024-06-22,tiktok,tiktok_SKU-A_001,SKU-A,341.19,40678,729
2024-06-22,tiktok,tiktok_SKU-B_001,SKU-B,532.24,30855,254
2024-06-22,tiktok,tiktok_SKU-C_001,SKU-C,353.49,31945,81
2024-06-22,tiktok,tiktok_SKU-D_001,SKU-D,455.67,28868,1390
2024-06-22,amazon,amazon_SKU-A_001,SKU-A,584.38,6903,1011
2024-06-22,amazon,amazon_SKU-B_001,SKU-B,486.39,19368,743
2024-06-22,amazon,amazon_SKU-C_001,SKU-C,404.09,28049,1380
2024-06-22,amazon,amazon_SKU-D_001,SKU-D,121.76,23532,1431
2024-06-23,meta,meta_SKU-A_001,SKU-A,526.86,26904,698
2024-06-23,meta,meta_SKU-B_001,SKU-B,405.94,33978,1158
2024-06-23,meta,meta_SKU-C_001,SKU-C,98.67,6484,530
2024-06-23,meta,meta_SKU-D_001,SKU-D,408.2,20833,515
2024-06-23,google,google_SKU-A_001,SKU-A,468.32,30440,251
2024-06-23,google,google_SKU-B_001,SKU-B,475.39,48130,255
2024-06-23,google,google_SKU-C_001,SKU-C,310.71,47482,663
2024-06-23,google,google_SKU-D_001,SKU-D,549.78,5014,714
2024-06-23,tiktok,tiktok_SKU-A_001,SKU-A,493.99,21226,784
2024-06-23,tiktok,tiktok_SKU-B_001,SKU-B,274.92,11540,550
2024-06-23,tiktok,tiktok_SKU-C_001,SKU-C,356.21,39088,1446
2024-06-23,tiktok,tiktok_SKU-D_001,SKU-D,492.11,13140,408
2024-06-23,amazon,amazon_SKU-A_001,SKU-A,121.06,27070,1319
2024-06-23,amazon,amazon_SKU-B_001,SKU-B,435.23,34615,1244
2024-06-23,amazon,amazon_SKU-C_001,SKU-C,154.42,32221,1356
2024-06-23,amazon,amazon_SKU-D_001,SKU-D,212.07,18733,1415
2024-06-24,meta,meta_SKU-A_001,SKU-A,84.89,32490,639
2024-06-24,meta,meta_SKU-B_001,SKU-B,432.36,12353,201
2024-06-24,meta,meta_SKU-C_001,SKU-C,309.7,24646,1253
2024-06-24,meta,meta_SKU-D_001,SKU-D,235.56,29807,1463
2024-06-24,google,google_SKU-A_001,SKU-A,210.05,21799,457
2024-06-24,google,google_SKU-B_001,SKU-B,599.67,33667,268
2024-06-24,google,google_SKU-C_001,SKU-C,203.35,39481,785
2024-06-24,google,google_SKU-D_001,SKU-D,378.9,47827,654
2024-06-24,tiktok,tiktok_SKU-A_001,SKU-A,91.41,45137,860
2024-06-24,tiktok,tiktok_SKU-B_001,SKU-B,222.73,39088,1454
2024-06-24,tiktok,tiktok_SKU-C_001,SKU-C,484.72,5214,1291
2024-06-24,tiktok,tiktok_SKU-D_001,SKU-D,467.49,20756,521
2024-06-24,amazon,amazon_SKU-A_001,SKU-A,395.67,25089,498
2024-06-24,amazon,amazon_SKU-B_001,SKU-B,411.04,42690,563
2024-06-24,amazon,amazon_SKU-C_001,SKU-C,432.44,49246,1400
2024-06-24,amazon,amazon_SKU-D_001,SKU-D,434.04,10963,1336
2024-06-25,meta,meta_SKU-A_001,SKU-A,130.53,43121,1373
2024-06-25,meta,meta_SKU-B_001,SKU-B,100.5,30889,118
2024-06-25,meta,meta_SKU-C_001,SKU-C,381.38,49995,319
2024-06-25,meta,meta_SKU-D_001,SKU-D,126.87,21340,719
2024-06-25,google,google_SKU-A_001,SKU-A,468.69,13510,461
2024-06-25,google,google_SKU-B_001,SKU-B,148.72,37350,799
2024-06-25,google,google_SKU-C_001,SKU-C,356.04,19860,386
2024-06-25,google,google_SKU-D_001,SKU-D,213.62,33578,654
2024-06-25,tiktok,tiktok_SKU-A_001,SKU-A,468.21,24198,285
2024-06-25,tiktok,tiktok_SKU-B_001,SKU-B,323.53,6934,338
2024-06-25,tiktok,tiktok_SKU-C_001,SKU-C,472.16,16785,1435
2024-06-25,tiktok,tiktok_SKU-D_001,SKU-D,456.59,28044,1191
2024-06-25,amazon,amazon_SKU-A_001,SKU-A,270.2,27858,78
2024-06-25,amazon,amazon_SKU-B_001,SKU-B,217.52,10099,981
2024-06-25,amazon,amazon_SKU-C_001,SKU-C,271.66,46062,586
2024-06-25,amazon,amazon_SKU-D_001,SKU-D,383.97,43847,810
2024-06-26,meta,meta_SKU-A_001,SKU-A,136.34,17323,1015
2024-06-26,meta,meta_SKU-B_001,SKU-B,93.01,38792,721
2024-06-26,meta,meta_SKU-C_001,SKU-C,555.93,16507,1376
2024-06-26,meta,meta_SKU-D_001,SKU-D,112.87,32426,1485
2024-06-26,google,google_SKU-A_001,SKU-A,237.14,28758,288
2024-06-26,google,google_SKU-B_001,SKU-B,152.68,4438,673
2024-06-26,google,google_SKU-C_001,SKU-C,597.88,9610,249
2024-06-26,google,google_SKU-D_001,SKU-D,202.1,37228,327
2024-06-26,tiktok,tiktok_SKU-A_001,SKU-A,282.1,26314,1423
2024-06-26,tiktok,tiktok_SKU-B_001,SKU-B,573.68,47644,1156
2024-06-26,tiktok,tiktok_SKU-C_001,SKU-C,297.95,49618,366
2024-06-26,tiktok,tiktok_SKU-D_001,SKU-D,540.42,44920,252
2024-06-26,amazon,amazon_SKU-A_001,SKU-A,513.52,42347,885
2024-06-26,amazon,amazon_SKU-B_001,SKU-B,568.31,20333,117
2024-06-26,amazon,amazon_SKU-C_001,SKU-C,438.95,16238,958
2024-06-26,amazon,amazon_SKU-D_001,SKU-D,311.24,17473,792
2024-06-27,meta,meta_SKU-A_001,SKU-A,131.66,46936,802
2024-06-27,meta,meta_SKU-B_001,SKU-B,363.12,44259,784
2024-06-27,meta,meta_SKU-C_001,SKU-C,111.49,20080,438
2024-06-27,meta,meta_SKU-D_001,SKU-D,583.47,31800,237
2024-06-27,google,google_SKU-A_001,SKU-A,424.64,44054,1359
2024-06-27,google,google_SKU-B_001,SKU-B,390.52,3399,153
2024-06-27,google,google_SKU-C_001,SKU-C,489.13,17962,307
2024-06-27,google,google_SKU-D_001,SKU-D,489.23,15448,190
2024-06-27,tiktok,tiktok_SKU-A_001,SKU-A,511.51,38320,474
2024-06-27,tiktok,tiktok_SKU-B_001,SKU-B,384.92,17269,722
2024-06-27,tiktok,tiktok_SKU-C_001,SKU-C,482.67,41058,55
2024-06-27,tiktok,tiktok_SKU-D_001,SKU-D,224.18,11482,316
2024-06-27,amazon,amazon_SKU-A_001,SKU-A,360.91,13435,275
2024-06-27,amazon,amazon_SKU-B_001,SKU-B,423.75,3689,319
2024-06-27,amazon,amazon_SKU-C_001,SKU-C,87.73,17593,1255
2024-06-27,amazon,amazon_SKU-D_001,SKU-D,248.36,13419,593
2024-06-28,meta,meta_SKU-A_001,SKU-A,107.25,29588,1127
2024-06-28,meta,meta_SKU-B_001,SKU-B,139.1,6165,1025
2024-06-28,meta,meta_SKU-C_001,SKU-C,313.1,25726,1101
2024-06-28,meta,meta_SKU-D_001,SKU-D,388.71,31622,1081
2024-06-28,google,google_SKU-A_001,SKU-A,195.21,42311,138
2024-06-28,google,google_SKU-B_001,SKU-B,458.17,45181,1117
2024-06-28,google,google_SKU-C_001,SKU-C,236.85,44161,113
2024-06-28,google,google_SKU-D_001,SKU-D,111.63,33390,872
2024-06-28,tiktok,tiktok_SKU-A_001,SKU-A,301.66,9075,1054
2024-06-28,tiktok,tiktok_SKU-B_001,SKU-B,450.45,31069,200
2024-06-28,tiktok,tiktok_SKU-C_001,SKU-C,547.62,23109,1295
2024-06-28,tiktok,tiktok_SKU-D_001,SKU-D,157.13,10270,613
2024-06-28,amazon,amazon_SKU-A_001,SKU-A,404.65,40362,1173
2024-06-28,amazon,amazon_SKU-B_001,SKU-B,450.32,26962,1273
2024-06-28,amazon,amazon_SKU-C_001,SKU-C,355.89,31734,1085
2024-06-28,amazon,amazon_SKU-D_001,SKU-D,394.82,8499,1487
2024-06-29,meta,meta_SKU-A_001,SKU-A,139.5,44907,1383
2024-06-29,meta,meta_SKU-B_001,SKU-B,536.41,38132,490
2024-06-29,meta,meta_SKU-C_001,SKU-C,303.64,16974,897
2024-06-29,meta,meta_SKU-D_001,SKU-D,256.24,31720,866
2024-06-29,google,google_SKU-A_001,SKU-A,296.31,8231,690
2024-06-29,google,google_SKU-B_001,SKU-B,301.92,45588,572
2024-06-29,google,google_SKU-C_001,SKU-C,274.64,12003,1456
2024-06-29,google,google_SKU-D_001,SKU-D,559.95,6399,236
2024-06-29,tiktok,tiktok_SKU-A_001,SKU-A,512.52,8109,934
2024-06-29,tiktok,tiktok_SKU-B_001,SKU-B,130.21,26421,316
2024-06-29,tiktok,tiktok_SKU-C_001,SKU-C,369.31,40434,1200
2024-06-29,tiktok,tiktok_SKU-D_001,SKU-D,372.08,45909,300
2024-06-29,amazon,amazon_SKU-A_001,SKU-A,293.62,45603,916
2024-06-29,amazon,amazon_SKU-B_001,SKU-B,531.41,49255,155
2024-06-29,amazon,amazon_SKU-C_001,SKU-C,583.57,41348,689
2024-06-29,amazon,amazon_SKU-D_001,SKU-D,262.86,39874,1089
2024-06-30,meta,meta_SKU-A_001,SKU-A,190.62,45039,1037
2024-06-30,meta,meta_SKU-B_001,SKU-B,196.61,9092,767
2024-06-30,meta,meta_SKU-C_001,SKU-C,519.59,26088,285
2024-06-30,meta,meta_SKU-D_001,SKU-D,476.55,39624,513
2024-06-30,google,google_SKU-A_001,SKU-A,499.76,38763,1323
2024-06-30,google,google_SKU-B_001,SKU-B,399.06,44119,1190
2024-06-30,google,google_SKU-C_001,SKU-C,93.65,45111,1470
2024-06-30,google,google_SKU-D_001,SKU-D,219.07,13823,609
2024-06-30,tiktok,tiktok_SKU-A_001,SKU-A,445.4,22249,745
2024-06-30,tiktok,tiktok_SKU-B_001,SKU-B,262.53,13888,343
2024-06-30,tiktok,tiktok_SKU-C_001,SKU-C,374.49,28265,192
2024-06-30,tiktok,tiktok_SKU-D_001,SKU-D,153.77,43495,112
2024-06-30,amazon,amazon_SKU-A_001,SKU-A,127.71,36765,490
2024-06-30,amazon,amazon_SKU-B_001,SKU-B,275.62,31730,748
2024-06-30,amazon,amazon_SKU-C_001,SKU-C,161.85,22423,714
2024-06-30,amazon,amazon_SKU-D_001,SKU-D,483.95,39197,1271
