date,channel,sku,sessions,add_to_cart,purchases
2024-06-01,meta,SKU-A,2937,250,116
2024-06-01,meta,SKU-B,2006,192,69
2024-06-01,meta,SKU-C,2158,406,225
2024-06-01,meta,SKU-D,1373,210,95
2024-06-01,google,SKU-A,1308,137,39
2024-06-01,google,SKU-B,647,78,29
2024-06-01,google,SKU-C,2581,273,131
2024-06-01,google,SKU-D,2028,331,172
2024-06-01,tiktok,SKU-A,994,163,76
2024-06-01,tiktok,SKU-B,2540,459,106
2024-06-01,tiktok,SKU-C,1929,249,85
2024-06-01,tiktok,SKU-D,2410,161,85
2024-06-01,amazon,SKU-A,2170,174,72
2024-06-01,amazon,SKU-B,773,76,31
2024-06-01,amazon,SKU-C,576,87,42
2024-06-01,amazon,SKU-D,2102,133,53
2024-06-02,meta,SKU-A,327,38,15
2024-06-02,meta,SKU-B,1971,265,112
2024-06-02,meta,SKU-C,2855,488,238
2024-06-02,meta,SKU-D,1721,151,30
2024-06-02,google,SKU-A,992,135,29
2024-06-02,google,SKU-B,1511,234,97
2024-06-02,google,SKU-C,346,65,14
2024-06-02,google,SKU-D,2033,111,40
2024-06-02,tiktok,SKU-A,654,107,63
2024-06-02,tiktok,SKU-B,2745,534,186
2024-06-02,tiktok,SKU-C,1666,195,110
2024-06-02,tiktok,SKU-D,1646,175,82
2024-06-02,amazon,SKU-A,2810,509,128
2024-06-02,amazon,SKU-B,1524,103,61
2024-06-02,amazon,SKU-C,1709,221,108
2024-06-02,amazon,SKU-D,1012,177,88
2024-06-03,meta,SKU-A,1322,157,76
2024-06-03,meta,SKU-B,1837,238,125
2024-06-03,meta,SKU-C,1113,132,34
2024-06-03,meta,SKU-D,872,166,81
2024-06-03,google,SKU-A,562,30,13
2024-06-03,google,SKU-B,2618,431,238
2024-06-03,google,SKU-C,164,14,3
2024-06-03,google,SKU-D,2532,139,61
2024-06-03,tiktok,SKU-A,2980,538,160
2024-06-03,tiktok,SKU-B,281,31,9
2024-06-03,tiktok,SKU-C,989,161,82
2024-06-03,tiktok,SKU-D,673,84,26
2024-06-03,amazon,SKU-A,2459,240,105
2024-06-03,amazon,SKU-B,2854,493,145
2024-06-03,amazon,SKU-C,686,135,55
2024-06-03,amazon,SKU-D,1793,170,38
2024-06-04,meta,SKU-A,2523,459,259
2024-06-04,meta,SKU-B,2664,404,170
2024-06-04,meta,SKU-C,292,57,32
2024-06-04,meta,SKU-D,2849,305,124
2024-06-04,google,SKU-A,2952,331,85
2024-06-04,google,SKU-B,1641,127,52
2024-06-04,google,SKU-C,1087,192,61
2024-06-04,google,SKU-D,2998,214,82
2024-06-04,tiktok,SKU-A,336,45,26
2024-06-04,tiktok,SKU-B,2382,308,109
2024-06-04,tiktok,SKU-C,1144,92,42
2024-06-04,tiktok,SKU-D,1942,343,81
2024-06-04,amazon,SKU-A,880,50,17
2024-06-04,amazon,SKU-B,2577,361,198
2024-06-04,amazon,SKU-C,870,148,64
2024-06-04,amazon,SKU-D,2850,381,149
2024-06-05,meta,SKU-A,1463,139,78
2024-06-05,meta,SKU-B,967,184,107
2024-06-05,meta,SKU-C,580,93,46
2024-06-05,meta,SKU-D,1093,168,80
2024-06-05,google,SKU-A,1724,322,135
2024-06-05,google,SKU-B,1259,134,55
2024-06-05,google,SKU-C,1571,151,51
2024-06-05,google,SKU-D,2136,256,133
2024-06-05,tiktok,SKU-A,2023,332,108
2024-06-05,tiktok,SKU-B,932,98,35
2024-06-05,tiktok,SKU-C,2404,431,213
2024-06-05,tiktok,SKU-D,166,14,8
2024-06-05,amazon,SKU-A,2472,390,124
2024-06-05,amazon,SKU-B,903,89,31
2024-06-05,amazon,SKU-C,1106,138,63
2024-06-05,amazon,SKU-D,2905,292,147
2024-06-06,meta,SKU-A,2101,409,186
2024-06-06,meta,SKU-B,2109,251,123
2024-06-06,meta,SKU-C,1542,116,56
2024-06-06,meta,SKU-D,2100,162,90
2024-06-06,google,SKU-A,2728,528,216
2024-06-06,google,SKU-B,404,77,35
2024-06-06,google,SKU-C,126,14,7
2024-06-06,google,SKU-D,1047,63,16
2024-06-06,tiktok,SKU-A,995,125,43
2024-06-06,tiktok,SKU-B,2630,383,219
2024-06-06,tiktok,SKU-C,2079,309,63
2024-06-06,tiktok,SKU-D,2279,302,61
2024-06-06,amazon,SKU-A,2268,359,148
2024-06-06,amazon,SKU-B,1274,66,34
2024-06-06,amazon,SKU-C,2860,327,188
2024-06-06,amazon,SKU-D,834,55,13
2024-06-07,meta,SKU-A,709,61,27
2024-06-07,meta,SKU-B,1133,195,59
2024-06-07,meta,SKU-C,1725,106,61
2024-06-07,meta,SKU-D,1980,266,158
2024-06-07,google,SKU-A,1025,97,51
2024-06-07,google,SKU-B,430,63,34
2024-06-07,google,SKU-C,229,14,4
2024-06-07,google,SKU-D,2363,286,130
2024-06-07,tiktok,SKU-A,2978,225,89
2024-06-07,tiktok,SKU-B,1877,275,91
2024-06-07,tiktok,SKU-C,490,90,51
2024-06-07,tiktok,SKU-D,1041,85,46
2024-06-07,amazon,SKU-A,2421,293,64
2024-06-07,amazon,SKU-B,404,61,19
2024-06-07,amazon,SKU-C,2324,312,66
2024-06-07,amazon,SKU-D,1388,72,20
2024-06-08,meta,SKU-A,690,112,54
2024-06-08,meta,SKU-B,1731,327,104
2024-06-08,meta,SKU-C,2409,207,110
2024-06-08,meta,SKU-D,1693,256,106
2024-06-08,google,SKU-A,1672,273,69
2024-06-08,google,SKU-B,2923,463,185
2024-06-08,google,SKU-C,1516,88,32
2024-06-08,google,SKU-D,411,41,20
2024-06-08,tiktok,SKU-A,2539,278,141
2024-06-08,tiktok,SKU-B,221,32,16
2024-06-08,tiktok,SKU-C,1945,240,82
2024-06-08,tiktok,SKU-D,1637,187,88
2024-06-08,amazon,SKU-A,2806,300,152
2024-06-08,amazon,SKU-B,1309,222,107
2024-06-08,amazon,SKU-C,436,39,13
2024-06-08,amazon,SKU-D,2696,197,70
2024-06-09,meta,SKU-A,1577,104,21
2024-06-09,meta,SKU-B,1362,158,79
2024-06-09,meta,SKU-C,518,36,9
2024-06-09,meta,SKU-D,1938,258,104
2024-06-09,google,SKU-A,523,28,9
2024-06-09,google,SKU-B,481,67,34
2024-06-09,google,SKU-C,1677,86,31
2024-06-09,google,SKU-D,446,70,29
2024-06-09,tiktok,SKU-A,1094,148,39
2024-06-09,tiktok,SKU-B,1659,125,38
2024-06-09,tiktok,SKU-C,1199,148,33
2024-06-09,tiktok,SKU-D,1880,171,54
2024-06-09,amazon,SKU-A,415,43,24
2024-06-09,amazon,SKU-B,2660,330,147
2024-06-09,amazon,SKU-C,1975,130,41
2024-06-09,amazon,SKU-D,1720,171,76
2024-06-10,meta,SKU-A,1449,168,62
2024-06-10,meta,SKU-B,2766,542,137
2024-06-10,meta,SKU-C,1413,198,94
2024-06-10,meta,SKU-D,2062,200,117
2024-06-10,google,SKU-A,1407,131,62
2024-06-10,google,SKU-B,2111,411,210
2024-06-10,google,SKU-C,1434,152,80
2024-06-10,google,SKU-D,1709,179,102
2024-06-10,tiktok,SKU-A,918,127,53
2024-06-10,tiktok,SKU-B,2892,477,100
2024-06-10,tiktok,SKU-C,1990,380,107
2024-06-10,tiktok,SKU-D,1293,225,51
2024-06-10,amazon,SKU-A,1775,267,68
2024-06-10,amazon,SKU-B,1340,115,53
2024-06-10,amazon,SKU-C,1833,308,70
2024-06-10,amazon,SKU-D,2549,310,111
2024-06-11,meta,SKU-A,2175,410,224
2024-06-11,meta,SKU-B,1813,238,122
2024-06-11,meta,SKU-C,1572,244,128
2024-06-11,meta,SKU-D,2532,368,86
2024-06-11,google,SKU-A,1116,165,56
2024-06-11,google,SKU-B,2750,390,165
2024-06-11,google,SKU-C,2742,415,149
2024-06-11,google,SKU-D,1458,284,105
2024-06-11,tiktok,SKU-A,143,9,2
2024-06-11,tiktok,SKU-B,2224,297,141
2024-06-11,tiktok,SKU-C,1005,117,41
2024-06-11,tiktok,SKU-D,2883,398,159
2024-06-11,amazon,SKU-A,1512,301,118
2024-06-11,amazon,SKU-B,1310,147,85
2024-06-11,amazon,SKU-C,575,100,49
2024-06-11,amazon,SKU-D,1526,147,56
2024-06-12,meta,SKU-A,947,121,41
2024-06-12,meta,SKU-B,499,57,27
2024-06-12,meta,SKU-C,1406,84,18
2024-06-12,meta,SKU-D,571,30,10
2024-06-12,google,SKU-A,547,82,21
2024-06-12,google,SKU-B,1099,140,58
2024-06-12,google,SKU-C,1455,194,113
2024-06-12,google,SKU-D,1049,177,79
2024-06-12,tiktok,SKU-A,863,126,46
2024-06-12,tiktok,SKU-B,219,35,19
2024-06-12,tiktok,SKU-C,1941,269,95
2024-06-12,tiktok,SKU-D,2986,245,76
2024-06-12,amazon,SKU-A,2982,510,114
2024-06-12,amazon,SKU-B,516,87,36
2024-06-12,amazon,SKU-C,1598,158,60
2024-06-12,amazon,SKU-D,1174,176,69
2024-06-13,meta,SKU-A,2717,263,93
2024-06-13,meta,SKU-B,1707,235,79
2024-06-13,meta,SKU-C,1975,281,147
2024-06-13,meta,SKU-D,2991,508,288
2024-06-13,google,SKU-A,2517,157,39
2024-06-13,google,SKU-B,582,49,12
2024-06-13,google,SKU-C,1629,250,101
2024-06-13,google,SKU-D,1813,252,108
2024-06-13,tiktok,SKU-A,1832,142,64
2024-06-13,tiktok,SKU-B,2940,552,315
2024-06-13,tiktok,SKU-C,809,107,42
2024-06-13,tiktok,SKU-D,674,52,27
2024-06-13,amazon,SKU-A,2637,153,52
2024-06-13,amazon,SKU-B,139,17,4
2024-06-13,amazon,SKU-C,1672,325,130
2024-06-13,amazon,SKU-D,2127,236,93
2024-06-14,meta,SKU-A,1918,236,55
2024-06-14,meta,SKU-B,226,38,10
2024-06-14,meta,SKU-C,233,21,8
2024-06-14,meta,SKU-D,788,131,55
2024-06-14,google,SKU-A,2128,281,68
2024-06-14,google,SKU-B,567,51,21
2024-06-14,google,SKU-C,1602,210,105
2024-06-14,google,SKU-D,1907,251,149
2024-06-14,tiktok,SKU-A,519,83,38
2024-06-14,tiktok,SKU-B,1113,105,62
2024-06-14,tiktok,SKU-C,1942,173,94
2024-06-14,tiktok,SKU-D,456,52,31
2024-06-14,amazon,SKU-A,1070,87,43
2024-06-14,amazon,SKU-B,2922,299,144
2024-06-14,amazon,SKU-C,2691,307,137
2024-06-14,amazon,SKU-D,946,162,84
2024-06-15,meta,SKU-A,2435,249,77
2024-06-15,meta,SKU-B,2306,173,102
2024-06-15,meta,SKU-C,1298,121,37
2024-06-15,meta,SKU-D,2207,436,205
2024-06-15,google,SKU-A,490,34,17
2024-06-15,google,SKU-B,1785,335,199
2024-06-15,google,SKU-C,2786,192,104
2024-06-15,google,SKU-D,1122,80,26
2024-06-15,tiktok,SKU-A,1113,182,85
2024-06-15,tiktok,SKU-B,2104,150,67
2024-06-15,tiktok,SKU-C,2671,299,113
2024-06-15,tiktok,SKU-D,2695,455,230
2024-06-15,amazon,SKU-A,1750,222,69
2024-06-15,amazon,SKU-B,1611,190,75
2024-06-15,amazon,SKU-C,2483,125,63
2024-06-15,amazon,SKU-D,481,76,29
2024-06-16,meta,SKU-A,2820,435,234
2024-06-16,meta,SKU-B,2289,251,147
2024-06-16,meta,SKU-C,967,120,39
2024-06-16,meta,SKU-D,1261,126,54
2024-06-16,google,SKU-A,2418,430,221
2024-06-16,google,SKU-B,2895,475,103
2024-06-16,google,SKU-C,2664,446,171
2024-06-16,google,SKU-D,608,115,30
2024-06-16,tiktok,SKU-A,1969,98,57
2024-06-16,tiktok,SKU-B,928,185,104
2024-06-16,tiktok,SKU-C,2762,263,144
2024-06-16,tiktok,SKU-D,1222,78,26
2024-06-16,amazon,SKU-A,437,46,25
2024-06-16,amazon,SKU-B,777,44,19
2024-06-16,amazon,SKU-C,2964,483,179
2024-06-16,amazon,SKU-D,473,73,14
2024-06-17,meta,SKU-A,2053,126,55
2024-06-17,meta,SKU-B,2227,338,68
2024-06-17,meta,SKU-C,2949,299,74
2024-06-17,meta,SKU-D,1829,281,109
2024-06-17,google,SKU-A,1037,111,54
2024-06-17,google,SKU-B,519,33,11
2024-06-17,google,SKU-C,1325,93,47
2024-06-17,google,SKU-D,645,94,44
2024-06-17,tiktok,SKU-A,380,49,9
2024-06-17,tiktok,SKU-B,2762,206,70
2024-06-17,tiktok,SKU-C,972,140,36
2024-06-17,tiktok,SKU-D,1786,254,95
2024-06-17,amazon,SKU-A,989,62,14
2024-06-17,amazon,SKU-B,604,83,29
2024-06-17,amazon,SKU-C,1858,180,46
2024-06-17,amazon,SKU-D,1234,181,54
2024-06-18,meta,SKU-A,2561,358,158
2024-06-18,meta,SKU-B,2928,158,85
2024-06-18,meta,SKU-C,1335,107,47
2024-06-18,meta,SKU-D,872,141,44
2024-06-18,google,SKU-A,323,54,27
2024-06-18,google,SKU-B,1080,134,32
2024-06-18,google,SKU-C,2146,312,71
2024-06-18,google,SKU-D,149,29,16
2024-06-18,tiktok,SKU-A,640,69,36
2024-06-18,tiktok,SKU-B,1823,191,90
2024-06-18,tiktok,SKU-C,2029,391,198
2024-06-18,tiktok,SKU-D,168,23,4
2024-06-18,amazon,SKU-A,983,55,12
2024-06-18,amazon,SKU-B,1730,217,97
2024-06-18,amazon,SKU-C,2152,355,131
2024-06-18,amazon,SKU-D,1747,108,44
2024-06-19,meta,SKU-A,2623,191,44
2024-06-19,meta,SKU-B,423,53,14
2024-06-19,meta,SKU-C,736,96,34
2024-06-19,meta,SKU-D,2698,443,203
2024-06-19,google,SKU-A,2734,163,78
2024-06-19,google,SKU-B,1077,63,14
2024-06-19,google,SKU-C,1879,126,56
2024-06-19,google,SKU-D,325,31,15
2024-06-19,tiktok,SKU-A,819,55,26
2024-06-19,tiktok,SKU-B,2973,153,60
2024-06-19,tiktok,SKU-C,1520,195,100
2024-06-19,tiktok,SKU-D,1161,87,21
2024-06-19,amazon,SKU-A,1200,191,47
2024-06-19,amazon,SKU-B,220,22,8
2024-06-19,amazon,SKU-C,2245,133,64
2024-06-19,amazon,SKU-D,2461,354,141
2024-06-20,meta,SKU-A,2192,228,91
2024-06-20,meta,SKU-B,2421,181,47
2024-06-20,meta,SKU-C,521,95,44
2024-06-20,meta,SKU-D,572,48,19
2024-06-20,google,SKU-A,280,50,10
2024-06-20,google,SKU-B,288,34,12
2024-06-20,google,SKU-C,714,54,31
2024-06-20,google,SKU-D,244,32,18
2024-06-20,tiktok,SKU-A,2785,314,103
2024-06-20,tiktok,SKU-B,1804,338,110
2024-06-20,tiktok,SKU-C,419,56,13
2024-06-20,tiktok,SKU-D,2857,529,143
2024-06-20,amazon,SKU-A,2212,436,253
2024-06-20,amazon,SKU-B,382,69,37
2024-06-20,amazon,SKU-C,1372,135,56
2024-06-20,amazon,SKU-D,132,13,4
2024-06-21,meta,SKU-A,1344,216,64
2024-06-21,meta,SKU-B,1608,223,88
2024-06-21,meta,SKU-C,900,143,59
2024-06-21,meta,SKU-D,1104,80,45
2024-06-21,google,SKU-A,197,16,5
2024-06-21,google,SKU-B,2940,533,309
2024-06-21,google,SKU-C,105,17,5
2024-06-21,google,SKU-D,1359,89,36
2024-06-21,tiktok,SKU-A,1075,121,70
2024-06-21,tiktok,SKU-B,683,107,25
2024-06-21,tiktok,SKU-C,1048,193,78
2024-06-21,tiktok,SKU-D,2970,547,209
2024-06-21,amazon,SKU-A,447,61,24
2024-06-21,amazon,SKU-B,2710,468,107
2024-06-21,amazon,SKU-C,2425,143,66
2024-06-21,amazon,SKU-D,635,54,16
2024-06-22,meta,SKU-A,1390,262,93
2024-06-22,meta,SKU-B,1436,140,43
2024-06-22,meta,SKU-C,405,77,19
2024-06-22,meta,SKU-D,2494,165,39
2024-06-22,google,SKU-A,1941,232,84
2024-06-22,google,SKU-B,2295,238,120
2024-06-22,google,SKU-C,1951,187,57
2024-06-22,google,SKU-D,591,37,19
2024-06-22,tiktok,SKU-A,1346,234,112
2024-06-22,tiktok,SKU-B,265,21,11
2024-06-22,tiktok,SKU-C,707,45,13
2024-06-22,tiktok,SKU-D,1557,170,37
2024-06-22,amazon,SKU-A,1324,117,69
2024-06-22,amazon,SKU-B,227,43,23
2024-06-22,amazon,SKU-C,2377,385,115
2024-06-22,amazon,SKU-D,1992,130,67
2024-06-23,meta,SKU-A,597,30,15
2024-06-23,meta,SKU-B,1010,70,37
2024-06-23,meta,SKU-C,1624,248,142
2024-06-23,meta,SKU-D,444,60,18
2024-06-23,google,SKU-A,407,21,4
2024-06-23,google,SKU-B,2745,319,80
2024-06-23,google,SKU-C,1458,99,57
2024-06-23,google,SKU-D,307,23,9
2024-06-23,tiktok,SKU-A,1717,213,75
2024-06-23,tiktok,SKU-B,1847,140,40
2024-06-23,tiktok,SKU-C,866,79,29
2024-06-23,tiktok,SKU-D,708,39,17
2024-06-23,amazon,SKU-A,1106,162,64
2024-06-23,amazon,SKU-B,2355,286,67
2024-06-23,amazon,SKU-C,1668,117,32
2024-06-23,amazon,SKU-D,2253,196,117
2024-06-24,meta,SKU-A,2326,393,234
2024-06-24,meta,SKU-B,1570,191,97
2024-06-24,meta,SKU-C,1509,282,113
2024-06-24,meta,SKU-D,1690,153,32
2024-06-24,google,SKU-A,2545,210,117
2024-06-24,google,SKU-B,1250,73,43
2024-06-24,google,SKU-C,2268,234,101
2024-06-24,google,SKU-D,1053,206,49
2024-06-24,tiktok,SKU-A,2790,240,99
2024-06-24,tiktok,SKU-B,329,54,31
2024-06-24,tiktok,SKU-C,2458,435,225
2024-06-24,tiktok,SKU-D,1553,295,176
2024-06-24,amazon,SKU-A,811,61,26
2024-06-24,amazon,SKU-B,2957,306,133
2024-06-24,amazon,SKU-C,2981,462,267
2024-06-24,amazon,SKU-D,2408,171,99
2024-06-25,meta,SKU-A,2116,277,74
2024-06-25,meta,SKU-B,255,16,4
2024-06-25,meta,SKU-C,996,52,20
2024-06-25,meta,SKU-D,1458,273,76
2024-06-25,google,SKU-A,634,64,17
2024-06-25,google,SKU-B,1425,83,21
2024-06-25,google,SKU-C,2986,560,285
2024-06-25,google,SKU-D,2255,403,235
2024-06-25,tiktok,SKU-A,1630,253,117
2024-06-25,tiktok,SKU-B,2500,162,51
2024-06-25,tiktok,SKU-C,658,129,63
2024-06-25,tiktok,SKU-D,1889,318,185
2024-06-25,amazon,SKU-A,2759,269,129
2024-06-25,amazon,SKU-B,2401,369,210
2024-06-25,amazon,SKU-C,1561,130,56
2024-06-25,amazon,SKU-D,818,87,42
2024-06-26,meta,SKU-A,1306,90,44
2024-06-26,meta,SKU-B,2975,572,203
2024-06-26,meta,SKU-C,2424,132,58
2024-06-26,meta,SKU-D,2604,216,92
2024-06-26,google,SKU-A,2132,151,75
2024-06-26,google,SKU-B,1074,109,35
2024-06-26,google,SKU-C,2705,494,116
2024-06-26,google,SKU-D,2844,414,229
2024-06-26,tiktok,SKU-A,1929,99,28
2024-06-26,tiktok,SKU-B,2939,176,53
2024-06-26,tiktok,SKU-C,542,85,18
2024-06-26,tiktok,SKU-D,1894,302,177
2024-06-26,amazon,SKU-A,1795,222,78
2024-06-26,amazon,SKU-B,2336,248,131
2024-06-26,amazon,SKU-C,2467,364,172
2024-06-26,amazon,SKU-D,766,90,46
2024-06-27,meta,SKU-A,236,22,7
2024-06-27,meta,SKU-B,528,32,8
2024-06-27,meta,SKU-C,1637,121,27
2024-06-27,meta,SKU-D,481,48,28
2024-06-27,google,SKU-A,2077,323,120
2024-06-27,google,SKU-B,2777,207,115
2024-06-27,google,SKU-C,743,43,14
2024-06-27,google,SKU-D,878,97,40
2024-06-27,tiktok,SKU-A,2312,207,64
2024-06-27,tiktok,SKU-B,1072,69,24
2024-06-27,tiktok,SKU-C,2351,413,107
2024-06-27,tiktok,SKU-D,1577,79,18
2024-06-27,amazon,SKU-A,2811,404,158
2024-06-27,amazon,SKU-B,497,26,6
2024-06-27,amazon,SKU-C,1295,254,98
2024-06-27,amazon,SKU-D,573,55,19
2024-06-28,meta,SKU-A,2103,387,118
2024-06-28,meta,SKU-B,2729,359,98
2024-06-28,meta,SKU-C,1662,175,66
2024-06-28,meta,SKU-D,1178,136,41
2024-06-28,google,SKU-A,1200,161,41
2024-06-28,google,SKU-B,2952,443,103
2024-06-28,google,SKU-C,1508,258,94
2024-06-28,google,SKU-D,2515,211,47
2024-06-28,tiktok,SKU-A,1685,291,106
2024-06-28,tiktok,SKU-B,2293,350,201
2024-06-28,tiktok,SKU-C,2445,445,173
2024-06-28,tiktok,SKU-D,423,46,24
2024-06-28,amazon,SKU-A,242,30,16
2024-06-28,amazon,SKU-B,2440,369,165
2024-06-28,amazon,SKU-C,592,113,42
2024-06-28,amazon,SKU-D,784,153,80
2024-06-29,meta,SKU-A,616,34,7
2024-06-29,meta,SKU-B,2898,334,200
2024-06-29,meta,SKU-C,2669,192,84
2024-06-29,meta,SKU-D,1409,262,148
2024-06-29,google,SKU-A,374,23,9
2024-06-29,google,SKU-B,2361,233,72
2024-06-29,google,SKU-C,1976,370,75
2024-06-29,google,SKU-D,2968,425,173
2024-06-29,tiktok,SKU-A,1818,121,31
2024-06-29,tiktok,SKU-B,2420,334,168
2024-06-29,tiktok,SKU-C,510,96,40
2024-06-29,tiktok,SKU-D,513,86,47
2024-06-29,amazon,SKU-A,1508,273,83
2024-06-29,amazon,SKU-B,2782,341,151
2024-06-29,amazon,SKU-C,253,19,6
2024-06-29,amazon,SKU-D,2632,371,177
2024-06-30,meta,SKU-A,258,28,15
2024-06-30,meta,SKU-B,2928,250,124
2024-06-30,meta,SKU-C,1200,221,45
2024-06-30,meta,SKU-D,1341,129,69
2024-06-30,google,SKU-A,2951,450,265
2024-06-30,google,SKU-B,1033,72,42
2024-06-30,google,SKU-C,1914,317,104
2024-06-30,google,SKU-D,1807,254,59
2024-06-30,tiktok,SKU-A,1909,155,82
2024-06-30,tiktok,SKU-B,2084,341,186
2024-06-30,tiktok,SKU-C,330,42,11
2024-06-30,tiktok,SKU-D,1374,214,77
2024-06-30,amazon,SKU-A,2247,408,86
2024-06-30,amazon,SKU-B,889,161,45
2024-06-30,amazon,SKU-C,336,29,11
2024-06-30,amazon,SKU-D,1576,245,75
