date,platform,sku,units_sold,revenue
2024-06-01,meta,SKU-A,5,206.5
2024-06-01,meta,SKU-B,9,498.75
2024-06-01,meta,SKU-C,39,884.78
2024-06-01,meta,SKU-D,5,423.37
2024-06-01,google,SKU-A,42,1618.85
2024-06-01,google,SKU-B,38,2203.18
2024-06-01,google,SKU-C,17,396.24
2024-06-01,google,SKU-D,32,2641.17
2024-06-01,tiktok,SKU-A,27,989.96
2024-06-01,tiktok,SKU-B,43,2584.57
2024-06-01,tiktok,SKU-C,31,758.76
2024-06-01,tiktok,SKU-D,19,1550.65
2024-06-01,amazon,SKU-A,25,1047.67
2024-06-01,amazon,SKU-B,3,162.21
2024-06-01,amazon,SKU-C,19,494.85
2024-06-01,amazon,SKU-D,49,4059.78
2024-06-02,meta,SKU-A,16,603.79
2024-06-02,meta,SKU-B,7,378.49
2024-06-02,meta,SKU-C,47,1133.4
2024-06-02,meta,SKU-D,8,689.06
2024-06-02,google,SKU-A,45,1682.13
2024-06-02,google,SKU-B,35,2152.51
2024-06-02,google,SKU-C,51,1215.23
2024-06-02,google,SKU-D,25,2315.85
2024-06-02,tiktok,SKU-A,2,77.23
2024-06-02,tiktok,SKU-B,29,1806.42
2024-06-02,tiktok,SKU-C,55,1302.07
2024-06-02,tiktok,SKU-D,27,2396.0
2024-06-02,amazon,SKU-A,45,1792.84
2024-06-02,amazon,SKU-B,18,990.66
2024-06-02,amazon,SKU-C,1,26.12
2024-06-02,amazon,SKU-D,10,918.18
2024-06-03,meta,SKU-A,39,1511.66
2024-06-03,meta,SKU-B,44,2740.23
2024-06-03,meta,SKU-C,5,120.69
2024-06-03,meta,SKU-D,6,505.71
2024-06-03,google,SKU-A,37,1420.9
2024-06-03,google,SKU-B,5,287.81
2024-06-03,google,SKU-C,19,480.64
2024-06-03,google,SKU-D,14,1196.95
2024-06-03,tiktok,SKU-A,10,364.58
2024-06-03,tiktok,SKU-B,40,2201.05
2024-06-03,tiktok,SKU-C,32,743.27
2024-06-03,tiktok,SKU-D,49,4200.11
2024-06-03,amazon,SKU-A,46,1920.47
2024-06-03,amazon,SKU-B,41,2514.75
2024-06-03,amazon,SKU-C,15,343.28
2024-06-03,amazon,SKU-D,16,1338.61
2024-06-04,meta,SKU-A,38,1402.85
2024-06-04,meta,SKU-B,48,2875.18
2024-06-04,meta,SKU-C,11,286.74
2024-06-04,meta,SKU-D,40,3506.82
2024-06-04,google,SKU-A,48,1890.36
2024-06-04,google,SKU-B,37,2147.49
2024-06-04,google,SKU-C,59,1522.65
2024-06-04,google,SKU-D,41,3672.64
2024-06-04,tiktok,SKU-A,39,1479.63
2024-06-04,tiktok,SKU-B,40,2273.81
2024-06-04,tiktok,SKU-C,28,637.17
2024-06-04,tiktok,SKU-D,28,2506.66
2024-06-04,amazon,SKU-A,50,1882.4
2024-06-04,amazon,SKU-B,3,171.5
2024-06-04,amazon,SKU-C,4,94.66
2024-06-04,amazon,SKU-D,28,2282.22
2024-06-05,meta,SKU-A,23,942.77
2024-06-05,meta,SKU-B,4,239.21
2024-06-05,meta,SKU-C,54,1233.29
2024-06-05,meta,SKU-D,38,3338.13
2024-06-05,google,SKU-A,29,1144.98
2024-06-05,google,SKU-B,50,3032.51
2024-06-05,google,SKU-C,2,48.37
2024-06-05,google,SKU-D,51,4524.59
2024-06-05,tiktok,SKU-A,12,455.15
2024-06-05,tiktok,SKU-B,30,1755.37
2024-06-05,tiktok,SKU-C,3,72.57
2024-06-05,tiktok,SKU-D,51,4750.05
2024-06-05,amazon,SKU-A,21,879.78
2024-06-05,amazon,SKU-B,5,292.7
2024-06-05,amazon,SKU-C,11,249.11
2024-06-05,amazon,SKU-D,45,3910.94
2024-06-06,meta,SKU-A,28,1096.04
2024-06-06,meta,SKU-B,39,2161.72
2024-06-06,meta,SKU-C,23,596.67
2024-06-06,meta,SKU-D,24,2076.44
2024-06-06,google,SKU-A,21,841.54
2024-06-06,google,SKU-B,3,183.31
2024-06-06,google,SKU-C,41,973.95
2024-06-06,google,SKU-D,21,1727.79
2024-06-06,tiktok,SKU-A,43,1647.73
2024-06-06,tiktok,SKU-B,16,968.22
2024-06-06,tiktok,SKU-C,42,1096.89
2024-06-06,tiktok,SKU-D,38,3525.99
2024-06-06,amazon,SKU-A,21,766.27
2024-06-06,amazon,SKU-B,42,2321.46
2024-06-06,amazon,SKU-C,22,520.59
2024-06-06,amazon,SKU-D,41,3707.61
2024-06-07,meta,SKU-A,25,919.34
2024-06-07,meta,SKU-B,45,2809.89
2024-06-07,meta,SKU-C,19,467.32
2024-06-07,meta,SKU-D,41,3759.18
2024-06-07,google,SKU-A,52,1911.87
2024-06-07,google,SKU-B,44,2704.27
2024-06-07,google,SKU-C,47,1233.25
2024-06-07,google,SKU-D,58,5110.17
2024-06-07,tiktok,SKU-A,41,1640.93
2024-06-07,tiktok,SKU-B,32,1832.21
2024-06-07,tiktok,SKU-C,23,544.14
2024-06-07,tiktok,SKU-D,60,5033.5
2024-06-07,amazon,SKU-A,60,2435.82
2024-06-07,amazon,SKU-B,12,672.47
2024-06-07,amazon,SKU-C,8,184.65
2024-06-07,amazon,SKU-D,18,1663.2
2024-06-08,meta,SKU-A,6,234.28
2024-06-08,meta,SKU-B,34,2091.55
2024-06-08,meta,SKU-C,56,1370.57
2024-06-08,meta,SKU-D,42,3592.95
2024-06-08,google,SKU-A,49,1945.7
2024-06-08,google,SKU-B,38,2180.84
2024-06-08,google,SKU-C,10,231.78
2024-06-08,google,SKU-D,44,4022.03
2024-06-08,tiktok,SKU-A,51,2112.21
2024-06-08,tiktok,SKU-B,46,2665.2
2024-06-08,tiktok,SKU-C,26,620.52
2024-06-08,tiktok,SKU-D,46,3873.51
2024-06-08,amazon,SKU-A,28,1110.58
2024-06-08,amazon,SKU-B,48,2915.37
2024-06-08,amazon,SKU-C,28,654.57
2024-06-08,amazon,SKU-D,15,1277.67
2024-06-09,meta,SKU-A,51,2076.02
2024-06-09,meta,SKU-B,57,3506.41
2024-06-09,meta,SKU-C,23,576.0
2024-06-09,meta,SKU-D,36,3394.44
2024-06-09,google,SKU-A,29,1177.88
2024-06-09,google,SKU-B,49,2814.41
2024-06-09,google,SKU-C,33,794.31
2024-06-09,google,SKU-D,10,920.28
2024-06-09,tiktok,SKU-A,51,2021.03
2024-06-09,tiktok,SKU-B,55,3093.75
2024-06-09,tiktok,SKU-C,41,996.39
2024-06-09,tiktok,SKU-D,23,2035.18
2024-06-09,amazon,SKU-A,6,241.61
2024-06-09,amazon,SKU-B,33,2034.8
2024-06-09,amazon,SKU-C,18,410.66
2024-06-09,amazon,SKU-D,10,846.83
2024-06-10,meta,SKU-A,57,2227.57
2024-06-10,meta,SKU-B,53,3070.67
2024-06-10,meta,SKU-C,60,1554.86
2024-06-10,meta,SKU-D,52,4528.69
2024-06-10,google,SKU-A,22,914.82
2024-06-10,google,SKU-B,26,1416.46
2024-06-10,google,SKU-C,32,764.88
2024-06-10,google,SKU-D,24,2266.23
2024-06-10,tiktok,SKU-A,23,858.99
2024-06-10,tiktok,SKU-B,20,1247.55
2024-06-10,tiktok,SKU-C,53,1334.55
2024-06-10,tiktok,SKU-D,21,1925.36
2024-06-10,amazon,SKU-A,8,289.84
2024-06-10,amazon,SKU-B,58,3565.14
2024-06-10,amazon,SKU-C,44,1127.13
2024-06-10,amazon,SKU-D,48,4345.19
2024-06-11,meta,SKU-A,28,1111.38
2024-06-11,meta,SKU-B,57,3118.64
2024-06-11,meta,SKU-C,16,372.94
2024-06-11,meta,SKU-D,9,795.68
2024-06-11,google,SKU-A,46,1824.05
2024-06-11,google,SKU-B,27,1485.02
2024-06-11,google,SKU-C,18,421.04
2024-06-11,google,SKU-D,7,571.51
2024-06-11,tiktok,SKU-A,26,1035.68
2024-06-11,tiktok,SKU-B,39,2266.45
2024-06-11,tiktok,SKU-C,7,179.46
2024-06-11,tiktok,SKU-D,31,2760.74
2024-06-11,amazon,SKU-A,1,39.79
2024-06-11,amazon,SKU-B,36,2022.39
2024-06-11,amazon,SKU-C,9,212.33
2024-06-11,amazon,SKU-D,0,0.0
2024-06-12,meta,SKU-A,15,591.36
2024-06-12,meta,SKU-B,11,659.77
2024-06-12,meta,SKU-C,5,122.32
2024-06-12,meta,SKU-D,23,1884.01
2024-06-12,google,SKU-A,33,1295.73
2024-06-12,google,SKU-B,50,3144.75
2024-06-12,google,SKU-C,35,790.17
2024-06-12,google,SKU-D,55,4804.08
2024-06-12,tiktok,SKU-A,40,1532.85
2024-06-12,tiktok,SKU-B,23,1294.51
2024-06-12,tiktok,SKU-C,1,23.84
2024-06-12,tiktok,SKU-D,4,342.62
2024-06-12,amazon,SKU-A,46,1837.36
2024-06-12,amazon,SKU-B,6,365.66
2024-06-12,amazon,SKU-C,47,1190.86
2024-06-12,amazon,SKU-D,8,652.79
2024-06-13,meta,SKU-A,34,1293.06
2024-06-13,meta,SKU-B,41,2278.61
2024-06-13,meta,SKU-C,49,1228.31
2024-06-13,meta,SKU-D,44,3848.25
2024-06-13,google,SKU-A,11,449.56
2024-06-13,google,SKU-B,4,241.78
2024-06-13,google,SKU-C,60,1452.98
2024-06-13,google,SKU-D,18,1506.99
2024-06-13,tiktok,SKU-A,50,1859.84
2024-06-13,tiktok,SKU-B,2,113.68
2024-06-13,tiktok,SKU-C,19,464.22
2024-06-13,tiktok,SKU-D,52,4593.21
2024-06-13,amazon,SKU-A,16,579.52
2024-06-13,amazon,SKU-B,41,2284.52
2024-06-13,amazon,SKU-C,22,566.13
2024-06-13,amazon,SKU-D,3,278.06
2024-06-14,meta,SKU-A,21,790.43
2024-06-14,meta,SKU-B,51,2922.92
2024-06-14,meta,SKU-C,56,1344.0
2024-06-14,meta,SKU-D,28,2606.17
2024-06-14,google,SKU-A,24,912.82
2024-06-14,google,SKU-B,11,643.12
2024-06-14,google,SKU-C,31,740.2
2024-06-14,google,SKU-D,51,4488.52
2024-06-14,tiktok,SKU-A,51,1861.28
2024-06-14,tiktok,SKU-B,27,1477.18
2024-06-14,tiktok,SKU-C,38,996.8
2024-06-14,tiktok,SKU-D,11,972.0
2024-06-14,amazon,SKU-A,20,732.31
2024-06-14,amazon,SKU-B,20,1198.97
2024-06-14,amazon,SKU-C,19,459.27
2024-06-14,amazon,SKU-D,45,3903.87
2024-06-15,meta,SKU-A,44,1701.19
2024-06-15,meta,SKU-B,28,1522.67
2024-06-15,meta,SKU-C,55,1425.52
2024-06-15,meta,SKU-D,39,3684.53
2024-06-15,google,SKU-A,17,677.23
2024-06-15,google,SKU-B,50,3126.56
2024-06-15,google,SKU-C,4,100.07
2024-06-15,google,SKU-D,25,2147.62
2024-06-15,tiktok,SKU-A,51,2065.47
2024-06-15,tiktok,SKU-B,10,625.75
2024-06-15,tiktok,SKU-C,9,231.14
2024-06-15,tiktok,SKU-D,43,3936.55
2024-06-15,amazon,SKU-A,2,73.51
2024-06-15,amazon,SKU-B,15,915.1
2024-06-15,amazon,SKU-C,23,548.74
2024-06-15,amazon,SKU-D,60,5319.47
2024-06-16,meta,SKU-A,38,1402.98
2024-06-16,meta,SKU-B,28,1751.1
2024-06-16,meta,SKU-C,23,555.79
2024-06-16,meta,SKU-D,4,354.99
2024-06-16,google,SKU-A,33,1260.66
2024-06-16,google,SKU-B,20,1196.92
2024-06-16,google,SKU-C,15,391.53
2024-06-16,google,SKU-D,1,90.93
2024-06-16,tiktok,SKU-A,31,1212.3
2024-06-16,tiktok,SKU-B,58,3425.19
2024-06-16,tiktok,SKU-C,16,406.5
2024-06-16,tiktok,SKU-D,45,3916.11
2024-06-16,amazon,SKU-A,39,1470.82
2024-06-16,amazon,SKU-B,58,3653.28
2024-06-16,amazon,SKU-C,12,275.52
2024-06-16,amazon,SKU-D,54,4427.98
2024-06-17,meta,SKU-A,11,455.31
2024-06-17,meta,SKU-B,28,1763.31
2024-06-17,meta,SKU-C,51,1277.92
2024-06-17,meta,SKU-D,54,5093.21
2024-06-17,google,SKU-A,42,1599.55
2024-06-17,google,SKU-B,4,235.8
2024-06-17,google,SKU-C,18,465.16
2024-06-17,google,SKU-D,54,4488.82
2024-06-17,tiktok,SKU-A,45,1870.38
2024-06-17,tiktok,SKU-B,40,2222.67
2024-06-17,tiktok,SKU-C,23,561.38
2024-06-17,tiktok,SKU-D,7,660.1
2024-06-17,amazon,SKU-A,50,1841.66
2024-06-17,amazon,SKU-B,50,2922.31
2024-06-17,amazon,SKU-C,23,565.28
2024-06-17,amazon,SKU-D,23,2008.13
2024-06-18,meta,SKU-A,35,1287.25
2024-06-18,meta,SKU-B,56,3067.45
2024-06-18,meta,SKU-C,19,455.87
2024-06-18,meta,SKU-D,45,4081.71
2024-06-18,google,SKU-A,33,1269.34
2024-06-18,google,SKU-B,26,1596.66
2024-06-18,google,SKU-C,4,91.88
2024-06-18,google,SKU-D,20,1793.43
2024-06-18,tiktok,SKU-A,28,1086.26
2024-06-18,tiktok,SKU-B,33,1884.32
2024-06-18,tiktok,SKU-C,56,1434.1
2024-06-18,tiktok,SKU-D,35,3137.3
2024-06-18,amazon,SKU-A,11,446.67
2024-06-18,amazon,SKU-B,8,463.15
2024-06-18,amazon,SKU-C,58,1493.84
2024-06-18,amazon,SKU-D,53,4381.84
2024-06-19,meta,SKU-A,9,340.42
2024-06-19,meta,SKU-B,10,569.04
2024-06-19,meta,SKU-C,45,1050.55
2024-06-19,meta,SKU-D,60,5622.13
2024-06-19,google,SKU-A,57,2149.14
2024-06-19,google,SKU-B,5,281.28
2024-06-19,google,SKU-C,40,1043.45
2024-06-19,google,SKU-D,17,1405.73
2024-06-19,tiktok,SKU-A,19,754.04
2024-06-19,tiktok,SKU-B,5,292.62
2024-06-19,tiktok,SKU-C,10,247.19
2024-06-19,tiktok,SKU-D,37,3074.02
2024-06-19,amazon,SKU-A,42,1669.37
2024-06-19,amazon,SKU-B,57,3388.44
2024-06-19,amazon,SKU-C,53,1376.13
2024-06-19,amazon,SKU-D,2,184.28
2024-06-20,meta,SKU-A,1,36.49
2024-06-20,meta,SKU-B,60,3586.39
2024-06-20,meta,SKU-C,36,845.73
2024-06-20,meta,SKU-D,13,1187.6
2024-06-20,google,SKU-A,26,1032.42
2024-06-20,google,SKU-B,1,58.48
2024-06-20,google,SKU-C,40,981.84
2024-06-20,google,SKU-D,41,3850.51
2024-06-20,tiktok,SKU-A,30,1124.08
2024-06-20,tiktok,SKU-B,51,3068.41
2024-06-20,tiktok,SKU-C,19,459.82
2024-06-20,tiktok,SKU-D,44,3599.59
2024-06-20,amazon,SKU-A,28,1077.82
2024-06-20,amazon,SKU-B,29,1619.25
2024-06-20,amazon,SKU-C,38,875.47
2024-06-20,amazon,SKU-D,55,4988.38
2024-06-21,meta,SKU-A,46,1928.69
2024-06-21,meta,SKU-B,22,1381.12
2024-06-21,meta,SKU-C,8,202.82
2024-06-21,meta,SKU-D,32,2834.63
2024-06-21,google,SKU-A,20,749.01
2024-06-21,google,SKU-B,7,394.85
2024-06-21,google,SKU-C,15,345.42
2024-06-21,google,SKU-D,3,254.75
2024-06-21,tiktok,SKU-A,24,988.44
2024-06-21,tiktok,SKU-B,26,1462.1
2024-06-21,tiktok,SKU-C,55,1423.6
2024-06-21,tiktok,SKU-D,52,4441.86
2024-06-21,amazon,SKU-A,36,1451.76
2024-06-21,amazon,SKU-B,12,730.42
2024-06-21,amazon,SKU-C,31,813.28
2024-06-21,amazon,SKU-D,29,2544.26
2024-06-22,meta,SKU-A,19,740.7
2024-06-22,meta,SKU-B,5,312.54
2024-06-22,meta,SKU-C,32,774.87
2024-06-22,meta,SKU-D,15,1258.57
2024-06-22,google,SKU-A,22,798.42
2024-06-22,google,SKU-B,18,1052.17
2024-06-22,google,SKU-C,56,1437.0
2024-06-22,google,SKU-D,43,3756.18
2024-06-22,tiktok,SKU-A,34,1225.67
2024-06-22,tiktok,SKU-B,6,347.27
2024-06-22,tiktok,SKU-C,56,1315.54
2024-06-22,tiktok,SKU-D,23,2100.18
2024-06-22,amazon,SKU-A,23,834.24
2024-06-22,amazon,SKU-B,3,177.4
2024-06-22,amazon,SKU-C,12,286.31
2024-06-22,amazon,SKU-D,18,1475.87
2024-06-23,meta,SKU-A,32,1238.47
2024-06-23,meta,SKU-B,35,1978.11
2024-06-23,meta,SKU-C,39,977.01
2024-06-23,meta,SKU-D,7,579.16
2024-06-23,google,SKU-A,6,230.18
2024-06-23,google,SKU-B,50,3144.05
2024-06-23,google,SKU-C,35,910.74
2024-06-23,google,SKU-D,48,3981.49
2024-06-23,tiktok,SKU-A,38,1484.08
2024-06-23,tiktok,SKU-B,32,1739.59
2024-06-23,tiktok,SKU-C,2,46.03
2024-06-23,tiktok,SKU-D,21,1928.92
2024-06-23,amazon,SKU-A,33,1278.48
2024-06-23,amazon,SKU-B,38,2357.45
2024-06-23,amazon,SKU-C,8,189.84
2024-06-23,amazon,SKU-D,39,3326.71
2024-06-24,meta,SKU-A,25,1048.59
2024-06-24,meta,SKU-B,47,2894.42
2024-06-24,meta,SKU-C,37,879.17
2024-06-24,meta,SKU-D,53,4657.7
2024-06-24,google,SKU-A,31,1247.83
2024-06-24,google,SKU-B,19,1107.21
2024-06-24,google,SKU-C,1,23.88
2024-06-24,google,SKU-D,43,3546.63
2024-06-24,tiktok,SKU-A,26,1027.06
2024-06-24,tiktok,SKU-B,50,3104.45
2024-06-24,tiktok,SKU-C,55,1379.41
2024-06-24,tiktok,SKU-D,1,89.06
2024-06-24,amazon,SKU-A,16,668.84
2024-06-24,amazon,SKU-B,50,3137.43
2024-06-24,amazon,SKU-C,37,912.65
2024-06-24,amazon,SKU-D,46,3757.89
2024-06-25,meta,SKU-A,30,1110.69
2024-06-25,meta,SKU-B,40,2419.63
2024-06-25,meta,SKU-C,49,1257.06
2024-06-25,meta,SKU-D,9,828.83
2024-06-25,google,SKU-A,15,542.84
2024-06-25,google,SKU-B,60,3618.28
2024-06-25,google,SKU-C,12,270.85
2024-06-25,google,SKU-D,20,1733.07
2024-06-25,tiktok,SKU-A,26,1043.72
2024-06-25,tiktok,SKU-B,26,1521.43
2024-06-25,tiktok,SKU-C,39,1012.13
2024-06-25,tiktok,SKU-D,55,5084.92
2024-06-25,amazon,SKU-A,46,1673.19
2024-06-25,amazon,SKU-B,8,469.35
2024-06-25,amazon,SKU-C,35,830.16
2024-06-25,amazon,SKU-D,42,3673.24
2024-06-26,meta,SKU-A,24,909.18
2024-06-26,meta,SKU-B,11,639.51
2024-06-26,meta,SKU-C,34,808.65
2024-06-26,meta,SKU-D,22,1982.73
2024-06-26,google,SKU-A,55,2217.91
2024-06-26,google,SKU-B,41,2510.55
2024-06-26,google,SKU-C,16,396.6
2024-06-26,google,SKU-D,12,1127.09
2024-06-26,tiktok,SKU-A,17,668.92
2024-06-26,tiktok,SKU-B,14,874.63
2024-06-26,tiktok,SKU-C,19,482.45
2024-06-26,tiktok,SKU-D,45,3770.92
2024-06-26,amazon,SKU-A,45,1752.03
2024-06-26,amazon,SKU-B,30,1714.18
2024-06-26,amazon,SKU-C,59,1534.25
2024-06-26,amazon,SKU-D,46,3895.82
2024-06-27,meta,SKU-A,7,276.09
2024-06-27,meta,SKU-B,34,1952.19
2024-06-27,meta,SKU-C,25,639.22
2024-06-27,meta,SKU-D,49,4501.25
2024-06-27,google,SKU-A,18,652.54
2024-06-27,google,SKU-B,45,2462.01
2024-06-27,google,SKU-C,59,1425.38
2024-06-27,google,SKU-D,16,1457.43
2024-06-27,tiktok,SKU-A,13,483.76
2024-06-27,tiktok,SKU-B,34,1918.97
2024-06-27,tiktok,SKU-C,35,878.87
2024-06-27,tiktok,SKU-D,8,659.8
2024-06-27,amazon,SKU-A,47,1857.49
2024-06-27,amazon,SKU-B,15,816.85
2024-06-27,amazon,SKU-C,57,1396.01
2024-06-27,amazon,SKU-D,40,3365.73
2024-06-28,meta,SKU-A,6,230.88
2024-06-28,meta,SKU-B,45,2621.32
2024-06-28,meta,SKU-C,43,1091.79
2024-06-28,meta,SKU-D,0,0.0
2024-06-28,google,SKU-A,59,2179.91
2024-06-28,google,SKU-B,41,2559.03
2024-06-28,google,SKU-C,56,1359.9
2024-06-28,google,SKU-D,41,3431.4
2024-06-28,tiktok,SKU-A,18,682.69
2024-06-28,tiktok,SKU-B,41,2235.83
2024-06-28,tiktok,SKU-C,49,1118.94
2024-06-28,tiktok,SKU-D,36,3028.86
2024-06-28,amazon,SKU-A,47,1895.92
2024-06-28,amazon,SKU-B,59,3205.81
2024-06-28,amazon,SKU-C,58,1343.08
2024-06-28,amazon,SKU-D,56,5169.23
2024-06-29,meta,SKU-A,59,2449.55
2024-06-29,meta,SKU-B,53,3051.37
2024-06-29,meta,SKU-C,31,719.16
2024-06-29,meta,SKU-D,47,4417.47
2024-06-29,google,SKU-A,59,2226.47
2024-06-29,google,SKU-B,2,108.17
2024-06-29,google,SKU-C,36,891.38
2024-06-29,google,SKU-D,59,5561.95
2024-06-29,tiktok,SKU-A,18,697.07
2024-06-29,tiktok,SKU-B,41,2414.48
2024-06-29,tiktok,SKU-C,31,800.88
2024-06-29,tiktok,SKU-D,8,739.91
2024-06-29,amazon,SKU-A,29,1091.47
2024-06-29,amazon,SKU-B,51,2805.7
2024-06-29,amazon,SKU-C,10,252.42
2024-06-29,amazon,SKU-D,41,3463.4
2024-06-30,meta,SKU-A,11,396.93
2024-06-30,meta,SKU-B,21,1283.46
2024-06-30,meta,SKU-C,36,901.04
2024-06-30,meta,SKU-D,12,1000.43
2024-06-30,google,SKU-A,54,2150.95
2024-06-30,google,SKU-B,25,1536.07
2024-06-30,google,SKU-C,32,759.35
2024-06-30,google,SKU-D,25,2250.87
2024-06-30,tiktok,SKU-A,11,460.79
2024-06-30,tiktok,SKU-B,30,1707.37
2024-06-30,tiktok,SKU-C,15,337.88
2024-06-30,tiktok,SKU-D,24,2020.31
2024-06-30,amazon,SKU-A,48,1804.89
2024-06-30,amazon,SKU-B,21,1191.07
2024-06-30,amazon,SKU-C,46,1133.82
2024-06-30,amazon,SKU-D,16,1437.2
